sat_id,sat_beam_id,sat_beam_ch_id,macd_id,concat,Ref,FWD Msps,FWD Rolloff,Modulation,Coding Rate,Ideal Spectral Efficiency,MACD_capacity_Mbps,beam-capacity,beam-capacity-lap3
1A,1,1,1,1A111,1AB001C1-MACD_1,52,0.2,32APSK,0.8,4.1,197.57855,900,900
1A,1,1,4,1A114,1AB001C1-MACD_4,52,0.1,32APSK,0.8,4,178.2493269,900,900
1A,1,1,2,1A112,1AB001C1-MACD_2,52,0.1,32APSK,0.8,4.1,171,900,900
1A,1,1,3,1A113,1AB001C1-MACD_3,52,0.1,32APSK,0.8,4.1,170.9814375,900,900
1A,1,1,5,1A115,1AB001C1-MACD_4,52,0.1,32APSK,0.8,4,170.9814375,900,900
1B,1,1,1,1B111,1BB001C1-MACD_1,52,0.2,32APSK,0.8,4,197.57855,874.6,885.3
1B,1,1,2,1B112,1BB001C1-MACD_2,46,0.1,32APSK,0.8,4,174.781025,874.6,885.3
1B,1,1,3,1B113,1BB001C1-MACD_3,45,0.1,32APSK,0.8,4.1,170.9814375,874.6,885.3
1B,1,1,5,1B115,1BB001C1-MACD_4,45,0.1,32APSK,0.8,4,170.9814375,874.6,885.3
1B,1,1,4,1B114,1BB001C1-MACD_4,45,0.1,32APSK,0.8,4,160.2,874.6,885.3
1A,2,1,6,1A216,1AB002C1-MACD_6,50,0.1,32APSK,0.8,4.1,198.0548077,411.5,396
1A,2,1,5,1A215,1AB002C1-MACD_5,52,0.1,32APSK,0.8,4,205.5,411.5,396
1B,2,1,4,1B214,1BB002C1-MACD_4,52,0.2,32APSK,0.9,4.4,219.8927,228.7,219.9
1A,3,1,2,1A312,1AB003C1-MACD_2,50,0.1,32APSK,0.9,4.4,211.4352885,434.1,409
1A,3,1,1,1A311,1AB003C1-MACD_1,52,0.1,32APSK,0.8,4.1,197.57855,434.1,409
1B,3,1,1,1B311,1BB003C1-MACD_1,50,0.1,16APSK,0.8,3.2,152.1934135,158.3,158.7
1A,4,1,3,1A413,1AB004C1-MACD_3,52,0.2,32APSK,0.8,4.1,205.977,214.2,206
1B,4,1,2,1B412,1BB004C1-MACD_2,52,0.2,32APSK,0.9,4.4,219.8927,228.7,219.9
1A,5,1,1,1A511,1AB005C1-MACD_1,52,0.2,32APSK,0.9,4.4,219.8927,228.7,219.9
1B,5,1,1,1B511,1BB005C1-MACD_1,15,0.1,32APSK,0.8,4.1,56.9938125,61.8,59.4
1A,6,1,1,1A611,1AB006C1-MACD_1,52,0.2,32APSK,0.9,4.5,219.9,219.9,222.7
1B,6,1,1,1B611,1BB006C1-MACD_1,52,0.1,32APSK,0.9,4.4,219.8927,228.7,219.9
1A,7,1,7,1A717,1AB007C1-MACD_7,45,0.1,32APSK,0.8,4.1,178.2493269,533.6,524
1A,7,1,6,1A716,1AB007C1-MACD_6,45,0.1,32APSK,0.8,4,170.9814375,533.6,524
1A,7,1,5,1A715,1AB007C1-MACD_5,46,0.1,32APSK,0.8,3.7,163.7995865,533.6,524
1B,7,1,5,1B715,1BB007C1-MACD_5,46,0.1,32APSK,0.8,4,163.7995865,474.3,456
1B,7,1,6,1B716,1BB007C1-MACD_6,38,0.1,32APSK,0.8,4,144.384325,474.3,456
1B,7,1,7,1B717,1BB007C1-MACD_7,36,0.1,32APSK,0.8,4,136.78515,474.3,456
1A,8,1,4,1A814,1AB008C1-MACD_4,52,0.2,32APSK,0.9,4.5,222.65135,231.6,291
1B,8,1,4,1B814,1BB008C1-MACD_4,15,0.1,32APSK,0.9,4.5,64.22635096,66.8,64.2
1A,9,1,1,1A911,1AB009C1-MACD_1,52,0.2,16APSK,0.9,3.5,165.0092,183.2,176.2
1B,9,1,1,1B911,1BB009C1-MACD_1,15,0.1,32APSK,0.8,4,56.9938125,59.3,57
1A,10,1,8,1A1018,1AB010C1-MACD_8,52,0.2,32APSK,0.8,4.1,205.977,214.2,269.4
1B,10,1,8,1B1018,1BB010C1-MACD_8,52,0.1,32APSK,0.8,3.7,185.16475,192.6,185.2
1A,11,1,2,1A1112,1AB011C1-MACD_2,52,0.2,32APSK,0.9,4.5,208,413.5,417.5
1A,11,1,1,1A1111,1AB011C1-MACD_1,52,0.2,32APSK,0.8,4,197.57855,413.5,417.5
1B,11,1,2,1B1112,1BB011C1-MACD_2,52,0.2,32APSK,0.8,4.1,205.977,406.8,391.1
1B,11,1,1,1B1111,1BB011C1-MACD_1,52,0.2,32APSK,0.8,3.7,185.16475,406.8,391.1
1A,12,1,8,1A1216,1AB012C1-MACD_6,52,0.2,32APSK,0.9,4.4,228.7,228.7,197.6
1B,12,1,7,1B1216,1BB012C1-MACD_6,15,0.1,32APSK,0.8,4.1,61.8,61.8,57
1A,13,1,4,1A1314,1AB013C1-MACD_4,52,0.2,32APSK,0.9,4.4,219.8927,228.7,176
1B,13,1,3,1B1313,1BB013C1-MACD_3,15,0.1,32APSK,0.8,4,53.41290865,59.3,57
1A,14,1,1,1A1411,1AB014C1-MACD_1,36,0.1,32APSK,0.8,3.7,128.1909808,259.8,249.8
1A,14,1,2,1A1412,1AB014C1-MACD_2,32,0.1,32APSK,0.8,4,121.5868,259.8,249.8
1B,14,1,1,1B1411,1BB014C1-MACD_1,15,0.1,32APSK,0.8,3.7,53.41290865,55.5,53.4
1A,15,1,7,1A1517,1AB015C1-MACD_7,52,0.2,32APSK,0.8,3.7,178.0430288,1462.4,1462.5
1A,15,1,8,1A1518,1AB015C1-MACD_8,52,0.2,32APSK,0.8,4,178.0430288,1462.4,1462.5
1A,15,1,1,1A1511,1AB015C1-MACD_1,52,0.2,32APSK,0.8,3.7,176.15715,1462.4,1462.5
1A,15,1,2,1A1512,1AB015C1-MACD_2,52,0.2,32APSK,0.8,3.7,181.6,1462.4,1462.5
1A,15,1,3,1A1513,1AB015C1-MACD_3,52,0.2,32APSK,0.8,3.7,181.6,1462.4,1462.5
1A,15,1,4,1A1514,1AB015C1-MACD_4,52,0.2,32APSK,0.8,3.7,178,1462.4,1462.5
1A,15,1,5,1A1515,1AB015C1-MACD_5,52,0.2,32APSK,0.8,3.7,178,1462.4,1462.5
1A,15,1,6,1A1516,1AB015C1-MACD_6,52,0.2,32APSK,0.8,3.7,169.381875,1462.4,1462.5
1B,15,1,1,1B1511,1BB015C1-MACD_1,52,0.2,32APSK,0.8,4.1,185.16475,1469.9,1249.9
1B,15,1,2,1B1512,1BB015C1-MACD_2,50,0.1,32APSK,0.8,4.1,169.381875,1469.9,1249.9
1B,15,1,3,1B1513,1BB015C1-MACD_3,50,0.1,32APSK,0.9,4.4,178,1469.9,1249.9
1B,15,1,4,1B1514,1BB015C1-MACD_4,50,0.1,32APSK,0.9,4.4,169.381875,1469.9,1249.9
1B,15,1,6,1B1516,1BB015C1-MACD_2,50,0.1,32APSK,0.8,4.1,178,1469.9,1249.9
1B,15,1,7,1B1517,1BB015C1-MACD_3,49,0.1,32APSK,0.9,4.4,174.4821683,1469.9,1249.9
1B,15,1,5,1B1515,1BB015C1-MACD_1,50,0.1,32APSK,0.8,4.1,169.381875,1469.9,1249.9
1A,16,1,7,1A1617,1AB016C1-MACD_7,36,0.1,32APSK,0.8,4,128.1909808,268.8,258.4
1A,16,1,8,1A1618,1AB016C1-MACD_8,32,0.1,32APSK,0.8,4,113.9475385,268.8,258.4
1B,16,1,4,1B1617,1BB016C1-MACD_7,36,0.1,32APSK,0.8,3.7,128.1909808,246,185
1A,17,1,6,1A1714,1AB017C1-MACD_4,52,0.2,32APSK,0.9,4.4,185,337,337
1A,17,1,7,1A1714,1AB017C1-MACD_4,52,0.2,32APSK,0.9,4.4,152,337,337
1B,17,1,4,1B1714,1BB017C1-MACD_4,50,0.1,32APSK,0.8,4.1,198.0548077,206,198.1
1A,18,1,3,1A1813,1AB018C1-MACD_3,52,0.2,32APSK,0.8,4.1,205.977,214.2,384.3
1B,18,1,3,1B1813,1BB018C1-MACD_3,50,0.1,32APSK,0.8,3.7,178.0430288,185.2,178
1A,19,1,3,1A1913,1AB019C1-MACD_3,52,0.1,32APSK,0.8,4.1,197.57855,817.8,798.7
1A,19,1,1,1A1911,1AB019C1-MACD_1,52,0.1,32APSK,0.8,4,197.57855,817.8,798.7
1A,19,1,4,1A1914,1AB019C1-MACD_4,52,0.1,32APSK,0.8,4,197.57855,817.8,798.7
1A,19,1,2,1A1912,1AB019C1-MACD_2,52,0.1,32APSK,0.8,3.7,192.6,817.8,798.7
1B,19,1,1,1B1911,1BB019C1-MACD_1,52,0.2,32APSK,0.8,4.1,197.57855,642.6,617.9
1B,19,1,2,1B1912,1BB019C1-MACD_2,52,0.2,32APSK,0.8,4.1,197.57855,642.6,617.9
1B,19,1,3,1B1913,1BB019C1-MACD_3,52,0.2,32APSK,0.8,4.1,197.57855,642.6,617.9
1A,20,2,8,1A2028,1AB020C2-MACD_8,48,0.1,32APSK,0.8,4.1,182.3802,906.7,877.3
1A,20,1,6,1A2016,1AB020C1-MACD_6,52,0.1,32APSK,0.8,3.7,176.15715,1433.4,1378.2
1A,20,1,7,1A2017,1AB020C1-MACD_7,52,0.1,32APSK,0.8,3.7,185.16475,1433.4,1378.2
1A,20,1,8,1A2018,1AB020C1-MACD_8,52,0.2,32APSK,0.8,3.7,185.16475,1433.4,1378.2
1A,20,2,6,1A2026,1AB020C2-MACD_6,48,0.1,32APSK,0.8,4,182.3802,906.7,877.3
1A,20,2,7,1A2027,1AB020C2-MACD_7,48,0.1,32APSK,0.8,4,182.3802,906.7,877.3
1A,20,1,5,1A2015,1AB020C1-MACD_5,52,0.1,16APSK,0.9,3.5,165.0092,1433.4,1378.2
1A,20,2,5,1A2025,1AB020C2-MACD_5,48,0.1,32APSK,0.8,3.7,170.9213077,906.7,877.3
1A,20,1,1,1A2011,1AB020C1-MACD_1,52,0.2,16APSK,0.8,3.3,165.0092,1433.4,1378.2
1A,20,1,2,1A2012,1AB020C1-MACD_2,52,0.2,16APSK,0.8,3.3,165.0092,1433.4,1378.2
1A,20,1,3,1A2013,1AB020C1-MACD_3,52,0.2,16APSK,0.8,3.2,158.28115,1433.4,1378.2
1A,20,1,4,1A2014,1AB020C1-MACD_4,52,0.2,16APSK,0.8,3.2,158.28115,1433.4,1378.2
1A,20,2,4,1A2024,1AB020C2-MACD_4,46,0.1,16APSK,0.8,3.3,140.0179404,906.7,877.3
1B,20,1,3,1B2013,1BB020C1-MACD_3,52,0.2,32APSK,0.8,3.7,176.15715,1456.7,1397.5
1B,20,1,5,1B2015,1BB020C1-MACD_5,52,0.1,32APSK,0.8,3.7,176.15715,1456.7,1397.5
1B,20,1,6,1B2016,1BB020C1-MACD_6,52,0.1,32APSK,0.8,3.7,176.15715,1456.7,1397.5
1B,20,1,7,1B2017,1BB020C1-MACD_7,52,0.1,32APSK,0.8,3.7,185.16475,1456.7,1397.5
1B,20,2,6,1B2026,1BB020C2-MACD_6,48,0.1,32APSK,0.8,4,170.9213077,883.4,841
1B,20,2,7,1B2027,1BB020C2-MACD_7,48,0.1,32APSK,0.8,4,170.9213077,883.4,841
1B,20,2,8,1B2028,1BB020C2-MACD_8,48,0.1,32APSK,0.8,4,170.9213077,883.4,841
1B,20,1,2,1B2012,1BB020C1-MACD_2,52,0.2,16APSK,0.9,3.5,158.28115,1456.7,1397.5
1B,20,1,4,1B2014,1BB020C1-MACD_4,52,0.1,16APSK,0.9,3.5,176.15715,1456.7,1397.5
1B,20,2,5,1B2025,1BB020C2-MACD_5,48,0.1,32APSK,0.8,3.7,162.6066,883.4,841
1B,20,1,8,1B2018,1BB020C1-MACD_8,47,0.1,16APSK,0.9,3.5,159.2189625,1456.7,1397.5
1B,20,1,1,1B2011,1BB020C1-MACD_1,52,0.2,16APSK,0.8,3,148.3364,1456.7,1397.5
1B,20,2,4,1B2024,1BB020C2-MACD_4,46,0.1,16APSK,0.8,3,131.2206615,883.4,841
1A,21,1,5,1A2115,1AB021C1-MACD_5,52,0.2,32APSK,0.8,4.1,205.977,214.2,206
1B,21,1,3,1B2113,1BB021C1-MACD_3,15,0.1,32APSK,0.8,4.1,59.41644231,61.8,59.4
1A,22,1,1,1A2211,1AB022C1-MACD_1,36,0.1,32APSK,0.8,4,136.78515,268.8,258.4
1A,22,1,2,1A2212,1AB022C1-MACD_2,32,0.1,32APSK,0.8,4,121.5868,268.8,258.4
1B,22,1,1,1B2211,1BB022C1-MACD_1,15,0.1,32APSK,0.8,4.1,59.41644231,61.8,59.4
1A,23,1,3,1A2313,1AB023C1-MACD_3,52,0.1,32APSK,0.8,4.1,205.977,420.2,396
1A,23,1,4,1A2314,1AB023C1-MACD_4,50,0.1,32APSK,0.8,4.1,189.979375,420.2,396
1B,23,1,2,1B2312,1BB023C1-MACD_2,50,0.1,32APSK,0.8,4,189.979375,197.6,190
1A,24,2,5,1A2425,1AB024C2-MACD_5,52,0.1,32APSK,0.8,4,197.57855,1566.6,1506.1
1A,24,2,6,1A2426,1AB024C2-MACD_6,52,0.1,32APSK,0.8,4,197.57855,1566.6,1506.1
1A,24,1,6,1A2416,1AB024C1-MACD_6,49,0.1,32APSK,0.8,4,186.1797875,773.4,744.4
1A,24,1,7,1A2417,1AB024C1-MACD_7,49,0.1,32APSK,0.8,4,174.4821683,773.4,744.4
1A,24,1,8,1A2418,1AB024C1-MACD_8,49,0.1,32APSK,0.8,4,174.4821683,773.4,744.4
1A,24,1,5,1A2415,1AB024C1-MACD_5,52,0.2,32APSK,0.8,3.7,185.16475,773.4,744.4
1A,24,2,1,1A2421,1AB024C2-MACD_1,52,0.2,32APSK,0.8,3.7,185.16475,1566.6,1506.1
1A,24,2,2,1A2422,1AB024C2-MACD_2,52,0.1,32APSK,0.8,3.7,185.16475,1566.6,1506.1
1A,24,2,3,1A2423,1AB024C2-MACD_3,52,0.1,32APSK,0.8,3.7,185.16475,1566.6,1506.1
1A,24,2,4,1A2424,1AB024C2-MACD_4,52,0.1,32APSK,0.8,3.7,185.16475,1566.6,1506.1
1A,24,2,7,1A2427,1AB024C2-MACD_7,52,0.1,32APSK,0.8,3.7,185.16475,1566.6,1506.1
1A,24,2,8,1A2428,1AB024C2-MACD_8,52,0.1,32APSK,0.8,3.7,176.15715,1566.6,1506.1
1B,24,1,4,1B2414,1BB024C1-MACD_4,52,0.2,32APSK,0.8,4.1,205.977,419.7,403.6
1B,24,1,3,1B2413,1BB024C1-MACD_3,52,0.2,32APSK,0.8,4,197.57855,419.7,403.6
1B,24,2,5,1B2425,1BB024C2-MACD_5,52,0.1,32APSK,0.8,4,197.57855,1592.4,1531
1B,24,2,6,1B2426,1BB024C2-MACD_6,52,0.1,32APSK,0.8,4,197.57855,1592.4,1531
1B,24,2,7,1B2427,1BB024C2-MACD_7,52,0.1,32APSK,0.8,4,185.16475,1592.4,1531
1B,24,2,8,1B2428,1BB024C2-MACD_8,52,0.1,32APSK,0.8,4,185.16475,1592.4,1531
1B,24,2,1,1B2421,1BB024C2-MACD_1,52,0.2,32APSK,0.8,3.7,185.16475,1592.4,1531
1B,24,2,2,1B2422,1BB024C2-MACD_2,52,0.1,32APSK,0.8,3.7,185.16475,1592.4,1531
1B,24,2,3,1B2423,1BB024C2-MACD_3,52,0.1,32APSK,0.8,3.7,185.16475,1592.4,1531
1B,24,2,4,1B2424,1BB024C2-MACD_4,52,0.1,32APSK,0.8,3.7,185.16475,1592.4,1531
1A,25,1,4,1A2514,1AB025C1-MACD_4,51,0.1,32APSK,0.8,4,181.6038894,1125,1102
1A,25,1,2,1A2512,1AB025C1-MACD_2,51,0.1,32APSK,0.8,3.7,181.6038894,1125,1102
1A,25,1,3,1A2513,1AB025C1-MACD_3,51,0.1,32APSK,0.8,3.7,181.6038894,1125,1102
1A,25,1,5,1A2515,1AB025C1-MACD_5,51,0.1,32APSK,0.8,3.7,181.6038894,1125,1102
1A,25,1,6,1A2516,1AB025C1-MACD_6,50,0.1,32APSK,0.8,3.7,178.0430288,1125,1102
1A,25,1,1,1A2511,1AB025C1-MACD_1,52,0.1,16APSK,0.8,3.3,171.6,1125,1102
1B,25,1,2,1B2512,1BB025C1-MACD_2,49,0.1,32APSK,0.8,4,174.4821683,1054.6,1029.1
1B,25,1,3,1B2513,1BB025C1-MACD_3,49,0.1,32APSK,0.8,4,174.4821683,1054.6,1029.1
1B,25,1,4,1B2514,1BB025C1-MACD_4,49,0.1,32APSK,0.8,3.7,174.4821683,1054.6,1029.1
1B,25,1,1,1B2511,1BB025C1-MACD_1,50,0.1,16APSK,0.8,3.3,165,1054.6,1029.1
1B,25,1,5,1B2515,1BB025C1-MACD_5,49,0.1,16APSK,0.8,3.3,161.7,1054.6,1029.1
1B,25,1,6,1B2516,1BB025C1-MACD_6,43,0.1,32APSK,0.8,3.7,153.1170048,1054.6,1029.1
1A,26,1,3,1A2613,1AB026C1-MACD_3,52,0.2,32APSK,0.8,4.1,197.57855,214.2,197.6
1B,26,1,2,1B2612,1BB026C1-MACD_2,52,0.2,32APSK,0.8,4.1,197.57855,214.2,197.6
1A,27,1,6,1A2716,1AB027C1-MACD_6,46,0.1,32APSK,0.8,4,174.781025,526.2,506
1A,27,1,7,1A2717,1AB027C1-MACD_7,45,0.1,32APSK,0.8,4,170.9814375,526.2,506
1A,27,1,8,1A2718,1AB027C1-MACD_8,45,0.1,32APSK,0.8,3.7,160.238726,526.2,506
1B,27,1,7,1B2717,1BB027C1-MACD_7,42,0.1,32APSK,0.8,3.7,149.5561442,307.3,295.6
1B,27,1,8,1B2718,1BB027C1-MACD_8,41,0.1,32APSK,0.8,3.7,145.9952837,307.3,295.6
1A,28,2,3,1A2823,1AB028C2-MACD_3,52,0.2,32APSK,0.8,4,185.16475,205.5,197.6
1A,28,1,1,1A2811,1AB028C1-MACD_1,52,0.2,16APSK,0.9,3.5,165.0092,1341.6,1262.3
1A,28,1,5,1A2815,1AB028C1-MACD_5,48,0.1,32APSK,0.8,3.7,162.6066,1341.6,1262.3
1A,28,1,7,1A2817,1AB028C1-MACD_7,47,0.1,32APSK,0.8,3.7,159.2189625,1341.6,1262.3
1A,28,1,4,1A2814,1AB028C1-MACD_4,48,0.1,16APSK,0.9,3.5,162.6066,1341.6,1262.3
1A,28,1,6,1A2816,1AB028C1-MACD_6,47,0.1,16APSK,0.9,3.5,159.2189625,1341.6,1262.3
1A,28,1,2,1A2812,1AB028C1-MACD_2,52,0.2,16APSK,0.8,3.2,158.28115,1341.6,1262.3
1A,28,1,3,1A2813,1AB028C1-MACD_3,48,0.1,16APSK,0.8,3.3,152.3161846,1341.6,1262.3
1A,28,1,8,1A2818,1AB028C1-MACD_8,47,0.1,16APSK,0.8,3.2,143.0618087,1341.6,1262.3
1B,28,1,3,1B2813,1BB028C1-MACD_3,52,0.2,32APSK,0.8,4.1,205.977,839.4,815.5
1B,28,1,4,1B2814,1BB028C1-MACD_4,52,0.2,32APSK,0.8,4.1,197.57855,839.4,815.5
1B,28,1,1,1B2811,1BB028C1-MACD_1,52,0.2,32APSK,0.8,4,197.57855,839.4,815.5
1B,28,1,2,1B2812,1BB028C1-MACD_2,52,0.2,32APSK,0.8,4,197.57855,839.4,815.5
1B,28,2,3,1B2823,1BB028C2-MACD_3,52,0.2,32APSK,0.8,3.7,185.16475,192.6,185.2
1A,29,1,6,1A2916,1AB029C1-MACD_6,52,0.1,32APSK,0.8,4,197.57855,1579.5,1518.6
1A,29,1,7,1A2917,1AB029C1-MACD_7,52,0.1,32APSK,0.8,4,197.57855,1579.5,1518.6
1A,29,1,8,1A2918,1AB029C1-MACD_8,52,0.1,32APSK,0.8,4,197.57855,1579.5,1518.6
1A,29,1,1,1A2911,1AB029C1-MACD_1,52,0.2,32APSK,0.8,3.7,185.16475,1579.5,1518.6
1A,29,1,2,1A2912,1AB029C1-MACD_2,52,0.1,32APSK,0.8,3.7,185.16475,1579.5,1518.6
1A,29,1,3,1A2913,1AB029C1-MACD_3,52,0.1,32APSK,0.8,3.7,185.16475,1579.5,1518.6
1A,29,1,4,1A2914,1AB029C1-MACD_4,52,0.1,32APSK,0.8,3.7,185.16475,1579.5,1518.6
1A,29,1,5,1A2915,1AB029C1-MACD_5,52,0.1,32APSK,0.8,3.7,185.16475,1579.5,1518.6
1B,29,1,7,1B2917,1BB029C1-MACD_7,52,0.1,32APSK,0.8,4,197.57855,1547.8,1479.1
1B,29,1,8,1B2918,1BB029C1-MACD_8,52,0.1,32APSK,0.8,4,197.57855,1547.8,1479.1
1B,29,1,1,1B2911,1BB029C1-MACD_1,52,0.1,32APSK,0.8,3.7,185.16475,1547.8,1479.1
1B,29,1,2,1B2912,1BB029C1-MACD_2,52,0.1,32APSK,0.8,3.7,176.15715,1547.8,1479.1
1B,29,1,5,1B2915,1BB029C1-MACD_5,52,0.1,32APSK,0.8,3.7,176.15715,1547.8,1479.1
1B,29,1,6,1B2916,1BB029C1-MACD_6,52,0.1,32APSK,0.8,3.7,185.16475,1547.8,1479.1
1B,29,1,3,1B2913,1BB029C1-MACD_3,52,0.1,16APSK,0.9,3.5,176.15715,1547.8,1479.1
1B,29,1,4,1B2914,1BB029C1-MACD_4,52,0.1,16APSK,0.9,3.5,176.15715,1547.8,1479.1
1A,30,1,6,1A3016,1AB030C1-MACD_6,52,0.1,32APSK,0.8,4,205.5,403.1,404
1A,30,1,7,1A3017,1AB030C1-MACD_7,50,0.1,32APSK,0.8,4,197.6,403.1,404
1B,30,1,6,1B3016,1BB030C1-MACD_6,50,0.1,32APSK,0.8,4,189.979375,197.6,190
1A,31,1,7,1A3117,1AB031C1-MACD_7,52,0.1,32APSK,0.9,4.4,219.8927,448.6,431.3
1A,31,1,8,1A3118,1AB031C1-MACD_8,50,0.1,32APSK,0.9,4.4,211.4352885,448.6,431.3
1B,31,1,4,1B3114,1BB031C1-MACD_4,52,0.2,32APSK,0.8,4.1,205.977,214.2,206
1A,32,1,2,1A3212,1AB032C1-MACD_2,42,0.1,32APSK,0.8,3.7,149.5561442,567,552.5
1A,32,1,3,1A3213,1AB032C1-MACD_3,42,0.1,16APSK,0.9,3.5,142.280775,567,552.5
1A,32,1,4,1A3214,1AB032C1-MACD_4,42,0.1,16APSK,0.8,3.2,127.8424673,567,552.5
1A,32,1,1,1A3211,1AB032C1-MACD_1,44,0.1,16APSK,0.8,3,125.5154154,567,552.5
1B,32,1,2,1B3212,1BB032C1-MACD_2,39,0.1,32APSK,0.8,3.7,138.8735625,411.7,397.6
1B,32,1,3,1B3213,1BB032C1-MACD_3,38,0.1,32APSK,0.8,3.7,135.3127019,411.7,397.6
1B,32,1,1,1B3211,1BB032C1-MACD_1,40,0.1,16APSK,0.8,3.2,114.1049231,411.7,397.6
1A,33,1,7,1A3317,1AB033C1-MACD_7,52,0.1,32APSK,0.8,4,197.57855,403.1,387.6
1A,33,1,8,1A3318,1AB033C1-MACD_8,50,0.1,32APSK,0.8,4,189.979375,403.1,387.6
1A,33,2,6,1A3326,1AB033C2-MACD_6,51,0.1,32APSK,0.8,3.7,181.6038894,1409,1335.1
1A,33,2,7,1A3327,1AB033C2-MACD_7,51,0.1,32APSK,0.8,3.7,181.6038894,1409,1335.1
1A,33,2,8,1A3328,1AB033C2-MACD_8,51,0.1,32APSK,0.8,3.7,181.6038894,1409,1335.1
1A,33,2,5,1A3325,1AB033C2-MACD_5,51,0.1,16APSK,0.9,3.5,172.7695125,1409,1335.1
1A,33,2,2,1A3322,1AB033C2-MACD_2,51,0.1,16APSK,0.8,3.3,161.8359462,1409,1335.1
1A,33,2,3,1A3323,1AB033C2-MACD_3,51,0.1,16APSK,0.8,3.3,161.8359462,1409,1335.1
1A,33,2,1,1A3321,1AB033C2-MACD_1,52,0.1,16APSK,0.8,3.2,148.3364,1409,1335.1
1A,33,2,4,1A3324,1AB033C2-MACD_4,51,0.1,16APSK,0.8,3.2,155.2372817,1409,1335.1
1B,33,2,6,1B3326,1BB033C2-MACD_6,51,0.1,32APSK,0.8,3.7,172.7695125,1393.1,1332.9
1B,33,1,4,1B3314,1BB033C1-MACD_4,50,0.1,32APSK,0.8,3.7,178.0430288,185.2,178
1B,33,2,5,1B3325,1BB033C2-MACD_5,51,0.1,16APSK,0.9,3.5,172.7695125,1393.1,1332.9
1B,33,2,7,1B3327,1BB033C2-MACD_7,51,0.1,16APSK,0.9,3.5,172.7695125,1393.1,1332.9
1B,33,2,1,1B3321,1BB033C2-MACD_1,52,0.1,16APSK,0.8,3.3,165.0092,1393.1,1332.9
1B,33,2,2,1B3322,1BB033C2-MACD_2,51,0.1,16APSK,0.8,3.3,161.8359462,1393.1,1332.9
1B,33,2,3,1B3323,1BB033C2-MACD_3,51,0.1,16APSK,0.8,3.3,161.8359462,1393.1,1332.9
1B,33,2,4,1B3324,1BB033C2-MACD_4,51,0.1,16APSK,0.8,3.3,161.8359462,1393.1,1332.9
1B,33,2,8,1B3328,1BB033C2-MACD_8,51,0.1,16APSK,0.8,3.3,161.8359462,1393.1,1332.9
1A,34,1,1,1A3411,1AB034C1-MACD_1,52,0.2,32APSK,0.8,4.1,205.977,642.6,788.3
1A,34,1,2,1A3412,1AB034C1-MACD_2,52,0.2,32APSK,0.8,4.1,205.977,642.6,788.3
1A,34,1,3,1A3413,1AB034C1-MACD_3,52,0.2,32APSK,0.8,4.1,205.977,642.6,788.3
1A,34,2,1,1A3421,1AB034C2-MACD_1,52,0.1,32APSK,0.8,4,185.16475,1162.1,1117.3
1A,34,2,5,1A3425,1AB034C2-MACD_5,51,0.1,32APSK,0.8,4,193.7789625,1162.1,1117.3
1A,34,2,6,1A3426,1AB034C2-MACD_6,50,0.1,32APSK,0.8,4,189.979375,1162.1,1117.3
1A,34,2,2,1A3422,1AB034C2-MACD_2,51,0.1,32APSK,0.8,3.7,181.6038894,1162.1,1117.3
1A,34,2,4,1A3424,1AB034C2-MACD_4,51,0.1,32APSK,0.8,3.7,181.6038894,1162.1,1117.3
1A,34,2,3,1A3423,1AB034C2-MACD_3,51,0.1,16APSK,0.9,3.5,172.7695125,1162.1,1117.3
1B,34,2,1,1B3421,1BB034C2-MACD_1,52,0.2,32APSK,0.8,4.1,205.977,1193.2,1147.3
1B,34,1,1,1B3411,1BB034C1-MACD_1,52,0.2,32APSK,0.8,4,185.16475,398.1,651.4
1B,34,2,2,1B3422,1BB034C2-MACD_2,52,0.1,32APSK,0.8,4,197.57855,1193.2,1147.3
1B,34,2,4,1B3424,1BB034C2-MACD_4,52,0.1,32APSK,0.8,4,197.57855,1193.2,1147.3
1B,34,2,5,1B3425,1BB034C2-MACD_5,47,0.1,32APSK,0.8,4.1,178.5806125,1193.2,1147.3
1B,34,1,2,1B3412,1BB034C1-MACD_2,52,0.2,32APSK,0.8,3.7,185.16475,398.1,651.4
1B,34,2,3,1B3423,1BB034C2-MACD_3,52,0.1,32APSK,0.8,3.7,185.16475,1193.2,1147.3
1B,34,2,6,1B3426,1BB034C2-MACD_6,46,0.1,32APSK,0.8,4,174.781025,1193.2,1147.3
1A,35,1,2,1A3512,1AB035C1-MACD_2,52,0.2,32APSK,0.9,4.5,222.65135,463.2,222.7
1B,35,1,2,1B3512,1BB035C1-MACD_2,52,0.2,32APSK,0.9,4.4,219.8927,434.2,417.5
1B,35,1,3,1B3513,1BB035C1-MACD_3,52,0.2,32APSK,0.8,4,205.5,434.2,417.5
1A,36,1,6,1A3616,1AB036C1-MACD_6,45,0.1,32APSK,0.8,4.1,178.2493269,552.6,391.1
1A,36,1,7,1A3617,1AB036C1-MACD_7,45,0.1,32APSK,0.8,4.1,178.2493269,552.6,391.1
1A,36,1,5,1A3615,1AB036C1-MACD_5,46,0.1,32APSK,0.8,4,174.781025,552.6,391.1
1B,36,1,5,1B3615,1BB036C1-MACD_5,46,0.1,32APSK,0.8,3.7,163.7995865,462.8,436.1
1B,36,1,6,1B3616,1BB036C1-MACD_6,37,0.1,32APSK,0.8,4,140.5847375,462.8,436.1
1B,36,1,7,1B3617,1BB036C1-MACD_7,37,0.1,32APSK,0.8,4,146.2,462.8,436.1
1A,37,1,4,1A3714,1AB037C1-MACD_4,52,0.2,32APSK,0.8,4,185.16475,1173.3,1115.7
1A,37,1,5,1A3715,1AB037C1-MACD_5,52,0.2,32APSK,0.8,4,197.57855,1173.3,1115.7
1A,37,1,6,1A3716,1AB037C1-MACD_6,52,0.2,32APSK,0.8,4,197.57855,1173.3,1115.7
1A,37,1,2,1A3712,1AB037C1-MACD_2,52,0.2,32APSK,0.8,3.7,185.16475,1173.3,1115.7
1A,37,1,3,1A3713,1AB037C1-MACD_3,52,0.2,32APSK,0.8,3.7,185.16475,1173.3,1115.7
1A,37,1,1,1A3711,1AB037C1-MACD_1,52,0.2,16APSK,0.8,3.3,165.0092,1173.3,1115.7
1B,37,1,4,1B3714,1BB037C1-MACD_4,52,0.1,32APSK,0.8,4.1,205.977,1220.6,1173.6
1B,37,1,5,1B3715,1BB037C1-MACD_5,52,0.1,32APSK,0.8,4.1,205.977,1220.6,1173.6
1B,37,1,3,1B3713,1BB037C1-MACD_3,52,0.2,32APSK,0.8,4,197.57855,1220.6,1173.6
1B,37,1,6,1B3716,1BB037C1-MACD_6,51,0.1,32APSK,0.8,4,193.7789625,1220.6,1173.6
1B,37,1,1,1B3711,1BB037C1-MACD_1,52,0.2,32APSK,0.8,3.7,185.16475,1220.6,1173.6
1B,37,1,2,1B3712,1BB037C1-MACD_2,52,0.2,32APSK,0.8,3.7,185.16475,1220.6,1173.6
1A,38,1,1,1A3811,1AB038C1-MACD_1,52,0.2,32APSK,0.8,4.1,197,591,592.6
1A,38,1,2,1A3812,1AB038C1-MACD_1,52,0.2,32APSK,0.8,4.1,197,591,592.6
1A,38,1,3,1A3813,1AB038C1-MACD_1,52,0.2,32APSK,0.8,4.1,197,591,592.6
1B,38,1,2,1B3812,1BB038C1-MACD_2,52,0.2,32APSK,0.8,4,185.16475,398.1,370.3
1B,38,1,1,1B3811,1BB038C1-MACD_1,52,0.2,32APSK,0.8,3.7,185.16475,398.1,370.3
1A,39,1,4,1A3914,1AB039C1-MACD_4,52,0.2,32APSK,0.9,4.4,219.8927,228.7,219.9
1B,39,1,4,1B3914,1BB039C1-MACD_4,50,0.1,32APSK,0.8,4,189.979375,197.6,190
1A,40,1,2,1A4012,1AB040C1-MACD_2,52,0.1,32APSK,0.9,4.5,219.8927,917.7,879.6
1A,40,1,1,1A4011,1AB040C1-MACD_1,52,0.2,32APSK,0.9,4.4,219.8927,917.7,879.6
1A,40,1,3,1A4013,1AB040C1-MACD_3,52,0.1,32APSK,0.9,4.4,219.8927,917.7,879.6
1A,40,1,4,1A4014,1AB040C1-MACD_4,52,0.1,32APSK,0.9,4.4,219.8927,917.7,879.6
1B,40,1,1,1B4011,1BB040C1-MACD_1,50,0.1,32APSK,0.9,4.4,211.4352885,866.4,871.1
1B,40,1,2,1B4012,1BB040C1-MACD_2,49,0.1,32APSK,0.9,4.4,205.977,866.4,871.1
1B,40,1,3,1B4013,1BB040C1-MACD_3,49,0.1,32APSK,0.9,4.4,215.5,866.4,871.1
1B,40,1,4,1B4014,1BB040C1-MACD_4,49,0.1,32APSK,0.9,4.4,215.5,866.4,871.1
1A,41,1,8,1A4118,1AB041C1-MACD_8,51,0.1,32APSK,0.8,4,193.7789625,1447.1,1376
1A,41,1,2,1A4112,1AB041C1-MACD_2,51,0.1,32APSK,0.8,3.7,172.7695125,1447.1,1376
1A,41,1,6,1A4116,1AB041C1-MACD_6,51,0.1,32APSK,0.8,3.7,172.7695125,1447.1,1376
1A,41,1,1,1A4111,1AB041C1-MACD_1,52,0.1,16APSK,0.9,3.5,165.0092,1447.1,1376
1A,41,1,7,1A4117,1AB041C1-MACD_7,51,0.1,16APSK,0.9,3.5,172.7695125,1447.1,1376
1A,41,2,1,1A4121,1AB041C2-MACD_1,52,0.2,32APSK,0.8,3.7,176.15715,1368.8,1368.6
1A,41,2,2,1A4122,1AB041C2-MACD_2,51,0.1,32APSK,0.8,4.1,161.8359462,1368.8,1368.6
1A,41,2,3,1A4123,1AB041C2-MACD_3,51,0.1,32APSK,0.9,4.5,172.7695125,1368.8,1368.6
1A,41,2,4,1A4124,1AB041C2-MACD_4,50,0.1,32APSK,0.9,4.4,158.6626923,1368.8,1368.6
1A,41,2,5,1A4125,1AB041C2-MACD_1,50,0.1,32APSK,0.8,3.7,169.381875,1368.8,1368.6
1A,41,2,6,1A4126,1AB041C2-MACD_2,50,0.1,32APSK,0.8,4.1,158.6626923,1368.8,1368.6
1A,41,2,7,1A4127,1AB041C2-MACD_3,50,0.1,32APSK,0.9,4.5,169.4,1368.8,1368.6
1A,41,2,8,1A4128,1AB041C2-MACD_4,50,0.1,32APSK,0.9,4.4,169.4,1368.8,1368.6
1A,41,1,3,1A4113,1AB041C1-MACD_3,51,0.1,16APSK,0.8,3.3,161.8359462,1447.1,1376
1A,41,1,4,1A4114,1AB041C1-MACD_4,51,0.1,16APSK,0.8,3.3,155.2372817,1447.1,1376
1A,41,1,5,1A4115,1AB041C1-MACD_5,51,0.1,16APSK,0.8,3.3,161.8359462,1447.1,1376
1B,41,2,3,1B4123,1BB041C2-MACD_3,52,0.2,32APSK,0.9,4.5,180,880,1546.9
1B,41,2,5,1B4124,1BB041C2-MACD_4,52,0.2,32APSK,0.9,4.4,180,880,1546.9
1B,41,2,6,1B4124,1BB041C2-MACD_4,52,0.2,32APSK,0.9,4.4,180,880,1546.9
1B,41,2,7,1B4124,1BB041C2-MACD_4,52,0.2,32APSK,0.9,4.4,180,880,1546.9
1B,41,2,8,1B4124,1BB041C2-MACD_4,52,0.2,32APSK,0.9,4.4,180,880,1546.9
1B,41,2,4,1B4124,1BB041C2-MACD_4,52,0.2,32APSK,0.9,4.4,180,880,1546.9
1B,41,1,2,1B4112,1BB041C1-MACD_2,52,0.2,32APSK,0.9,4.4,205.977,862.6,815.5
1B,41,2,2,1B4122,1BB041C2-MACD_2,52,0.2,32APSK,0.8,4.1,180,880,1546.9
1B,41,1,1,1B4111,1BB041C1-MACD_1,52,0.2,32APSK,0.8,4.1,205.977,862.6,815.5
1B,41,1,3,1B4113,1BB041C1-MACD_3,52,0.2,32APSK,0.8,4.1,205.977,862.6,815.5
1B,41,2,1,1B4121,1BB041C2-MACD_1,52,0.2,32APSK,0.8,4,180,880,1546.9
1B,41,1,4,1B4114,1BB041C1-MACD_4,52,0.2,32APSK,0.8,4,197.57855,862.6,815.5
1A,42,1,2,1A4212,1AB042C1-MACD_2,52,0.1,32APSK,0.8,3.7,185.16475,942,905.7
1A,42,1,3,1A4213,1AB042C1-MACD_3,52,0.1,32APSK,0.8,3.7,185.16475,942,905.7
1A,42,1,4,1A4214,1AB042C1-MACD_4,52,0.1,32APSK,0.8,3.7,185.16475,942,905.7
1A,42,1,5,1A4215,1AB042C1-MACD_5,52,0.2,32APSK,0.8,3.7,185.16475,942,905.7
1A,42,1,1,1A4211,1AB042C1-MACD_1,52,0.2,16APSK,0.8,3.3,165.0092,942,905.7
1B,42,1,3,1B4213,1BB042C1-MACD_3,52,0.1,16APSK,0.9,3.5,176.15715,813.6,785.7
1B,42,1,5,1B4215,1BB042C1-MACD_5,52,0.1,16APSK,0.9,3.5,176.15715,813.6,785.7
1B,42,1,4,1B4214,1BB042C1-MACD_4,52,0.1,16APSK,0.8,3.3,165.0092,813.6,785.7
1B,42,1,2,1B4212,1BB042C1-MACD_2,52,0.1,16APSK,0.8,3,148.3364,813.6,785.7
1B,42,1,1,1B4211,1BB042C1-MACD_1,46,0.1,16APSK,0.7,2.6,121.3,813.6,785.7
1B,43,1,4,1B4314,1BB043C1-MACD_4,52,0.2,32APSK,0.8,4.1,205.977,214.2,165
1A,44,1,1,1A4411,1AB044C1-MACD_1,52,0.1,32APSK,0.8,4.1,205.977,420.2,404
1A,44,1,2,1A4412,1AB044C1-MACD_2,50,0.1,32APSK,0.8,4.1,198.0548077,420.2,404
1B,44,1,1,1B4411,1BB044C1-MACD_1,52,0.1,32APSK,0.9,4.5,222.65135,454.3,436.7
1B,44,1,2,1B4412,1BB044C1-MACD_2,50,0.1,32APSK,0.9,4.5,214.0878365,454.3,436.7
1A,45,1,2,1A4512,1AB045C1-MACD_2,52,0.2,32APSK,0.9,4.5,219.8927,694.8,668
1A,45,1,3,1A4513,1AB045C1-MACD_3,52,0.1,32APSK,0.9,4.5,222.65135,694.8,668
1A,45,1,4,1A4514,1AB045C1-MACD_4,52,0.1,32APSK,0.9,4.5,222.65135,694.8,668
1A,45,2,7,1A4527,1AB045C2-MACD_7,50,0.1,32APSK,0.8,4,189.979375,390.2,375.1
1A,45,2,6,1A4526,1AB045C2-MACD_6,52,0.1,32APSK,0.8,3.7,185.16475,390.2,375.1
1B,45,2,4,1B4524,1BB045C2-MACD_4,52,0.2,32APSK,0.9,4.5,222.65135,231.6,206
1B,45,1,2,1B4512,1BB045C1-MACD_2,52,0.2,32APSK,0.8,4.1,205.977,642.6,617.9
1B,45,1,3,1B4513,1BB045C1-MACD_3,52,0.2,32APSK,0.8,4.1,205.977,642.6,617.9
1B,45,1,4,1B4514,1BB045C1-MACD_4,52,0.2,32APSK,0.8,4.1,214.2,642.6,617.9
1A,46,2,2,1A4622,1AB046C2-MACD_2,52,0.2,32APSK,0.9,4.4,219.8927,626.8,1014.6
1A,46,1,3,1A4613,1AB046C1-MACD_3,52,0.2,32APSK,0.8,4.1,205.977,839.4,1227.5
1A,46,1,4,1A4614,1AB046C1-MACD_4,52,0.2,32APSK,0.8,4.1,197.57855,839.4,1227.5
1A,46,2,3,1A4623,1AB046C2-MACD_3,52,0.1,32APSK,0.8,4,205.5,626.8,1014.6
1A,46,1,1,1A4611,1AB046C1-MACD_1,52,0.2,32APSK,0.8,4,205.5,839.4,1227.5
1A,46,1,2,1A4612,1AB046C1-MACD_2,52,0.2,32APSK,0.8,4,205.5,839.4,1227.5
1A,46,2,4,1A4624,1AB046C2-MACD_4,52,0.1,32APSK,0.8,3.7,185.16475,626.8,1014.6
1B,46,2,2,1B4622,1BB046C2-MACD_2,52,0.2,32APSK,0.9,4.4,219.8927,635.5,602.6
1B,46,2,3,1B4623,1BB046C2-MACD_3,52,0.1,32APSK,0.8,4.1,197.57855,635.5,602.6
1B,46,1,4,1B4614,1BB046C1-MACD_4,52,0.2,32APSK,0.8,4.1,205.977,830.7,773.9
1B,46,1,1,1B4611,1BB046C1-MACD_1,52,0.2,32APSK,0.8,4,197.57855,830.7,773.9
1B,46,1,2,1B4612,1BB046C1-MACD_2,52,0.2,32APSK,0.8,4,197.57855,830.7,773.9
1B,46,1,3,1B4613,1BB046C1-MACD_3,52,0.2,32APSK,0.8,4,197.57855,830.7,773.9
1B,46,2,4,1B4624,1BB046C2-MACD_4,52,0.1,32APSK,0.8,3.7,185.16475,635.5,602.6
1A,47,2,3,1A4723,1AB047C2-MACD_3,52,0.2,32APSK,0.9,4.4,205.977,871.3,807.1
1A,47,2,1,1A4721,1AB047C2-MACD_1,52,0.2,32APSK,0.8,4.1,197.57855,871.3,807.1
1A,47,2,2,1A4722,1AB047C2-MACD_2,52,0.2,32APSK,0.8,4.1,205.977,871.3,807.1
1A,47,2,4,1A4724,1AB047C2-MACD_4,52,0.2,32APSK,0.8,4.1,197.57855,871.3,807.1
1A,47,1,2,1A4712,1AB047C1-MACD_2,52,0.2,32APSK,0.8,3.7,176.15715,876.4,823.9
1A,47,3,3,1A4733,1AB047C3-MACD_3,52,0.1,32APSK,0.8,3.7,176.15715,1482.4,1414.1
1A,47,3,5,1A4735,1AB047C3-MACD_5,52,0.1,32APSK,0.8,3.7,185.16475,1482.4,1414.1
1A,47,3,6,1A4736,1AB047C3-MACD_6,52,0.1,32APSK,0.8,3.7,185.16475,1482.4,1414.1
1A,47,3,7,1A4737,1AB047C3-MACD_7,52,0.1,32APSK,0.8,3.7,185.16475,1482.4,1414.1
1A,47,3,8,1A4738,1AB047C3-MACD_8,52,0.1,32APSK,0.8,3.7,176.15715,1482.4,1414.1
1A,47,1,3,1A4713,1AB047C1-MACD_3,45,0.1,32APSK,0.8,4.1,170.9814375,876.4,823.9
1A,47,3,4,1A4734,1AB047C3-MACD_4,52,0.1,16APSK,0.9,3.5,165.0092,1482.4,1414.1
1A,47,1,4,1A4714,1AB047C1-MACD_4,45,0.1,32APSK,0.8,4,160.238726,876.4,823.9
1A,47,3,2,1A4732,1AB047C3-MACD_2,52,0.1,16APSK,0.8,3.3,158.28115,1482.4,1414.1
1A,47,3,1,1A4731,1AB047C3-MACD_1,52,0.2,16APSK,0.8,3.2,148.3364,1482.4,1414.1
1A,47,1,5,1A4715,1AB047C1-MACD_5,46,0.1,16APSK,0.9,3.5,140.0179404,876.4,823.9
1A,47,1,6,1A4716,1AB047C1-MACD_6,45,0.1,16APSK,0.9,3.5,152.4436875,876.4,823.9
1B,47,1,4,1B4714,1BB047C1-MACD_4,52,0.2,32APSK,0.9,4.4,205.977,648.4,609.5
1B,47,1,3,1B4713,1BB047C1-MACD_3,52,0.2,32APSK,0.8,4.1,197.57855,648.4,609.5
1B,47,1,2,1B4712,1BB047C1-MACD_2,52,0.2,32APSK,0.8,4,185.16475,648.4,609.5
1B,47,3,5,1B4735,1BB047C3-MACD_5,52,0.1,32APSK,0.8,3.7,176.15715,1466,1387.2
1B,47,3,6,1B4736,1BB047C3-MACD_6,52,0.1,32APSK,0.8,3.7,176.15715,1466,1387.2
1B,47,3,7,1B4737,1BB047C3-MACD_7,52,0.1,32APSK,0.8,3.7,176.15715,1466,1387.2
1B,47,3,8,1B4738,1BB047C3-MACD_8,52,0.1,32APSK,0.8,3.7,185.16475,1466,1387.2
1B,47,3,3,1B4733,1BB047C3-MACD_3,52,0.1,16APSK,0.9,3.5,158.28115,1466,1387.2
1B,47,3,4,1B4734,1BB047C3-MACD_4,52,0.1,16APSK,0.9,3.5,158.28115,1466,1387.2
1B,47,2,8,1B4728,1BB047C2-MACD_4,50,0.1,32APSK,0.8,4.1,169.4,1149.5,1229.1
1B,47,3,1,1B4731,1BB047C3-MACD_1,52,0.2,16APSK,0.8,3.2,148.3364,1466,1387.2
1B,47,3,2,1B4732,1BB047C3-MACD_2,52,0.1,16APSK,0.8,3.2,148.3364,1466,1387.2
1B,47,2,6,1B4726,1BB047C2-MACD_2,50,0.1,32APSK,0.8,4.1,152.2,1149.5,1229.1
1B,47,2,7,1B4727,1BB047C2-MACD_3,50,0.1,32APSK,0.9,4.4,152.2,1149.5,1229.1
1B,47,2,4,1B4724,1BB047C2-MACD_4,50,0.1,32APSK,0.8,4.1,142.6,1149.5,1229.1
1B,47,2,5,1B4725,1BB047C2-MACD_1,50,0.1,32APSK,0.8,4.1,142.6,1149.5,1229.1
1B,47,2,1,1B4721,1BB047C2-MACD_1,52,0.2,32APSK,0.8,4.1,131.86005,1149.5,1229.1
1B,47,2,2,1B4722,1BB047C2-MACD_2,51,0.1,32APSK,0.8,4.1,129.3,1149.5,1229.1
1B,47,2,3,1B4723,1BB047C2-MACD_3,51,0.1,32APSK,0.9,4.4,129.3,1149.5,1229.1
1A,48,1,5,1A4815,1AB048C1-MACD_5,51,0.1,32APSK,0.8,4,193.7789625,1065.1,990.3
1A,48,1,6,1A4816,1AB048C1-MACD_6,50,0.1,32APSK,0.8,4,189.979375,1065.1,990.3
1A,48,1,4,1A4814,1AB048C1-MACD_4,51,0.1,32APSK,0.8,3.7,181.6038894,1065.1,990.3
1A,48,2,5,1A4825,1AB048C2-MACD_5,45,0.1,32APSK,0.8,4.1,178.2493269,545,524
1A,48,2,3,1A4823,1AB048C2-MACD_3,46,0.1,32APSK,0.8,4,174.781025,545,524
1A,48,2,4,1A4824,1AB048C2-MACD_4,45,0.1,32APSK,0.8,4,170.9814375,545,524
1A,48,1,2,1A4812,1AB048C1-MACD_2,51,0.1,16APSK,0.8,3.2,155.2372817,1065.1,990.3
1A,48,1,3,1A4813,1AB048C1-MACD_3,51,0.1,16APSK,0.8,3.2,155.2372817,1065.1,990.3
1A,48,1,1,1A4811,1AB048C1-MACD_1,52,0.1,16APSK,0.8,3,148.3364,1065.1,990.3
1B,48,1,2,1B4812,1BB048C1-MACD_2,52,0.2,32APSK,0.9,4.4,219.8927,614.5,590.9
1B,48,1,3,1B4813,1BB048C1-MACD_3,52,0.2,32APSK,0.8,4.1,205.977,614.5,590.9
1B,48,2,3,1B4823,1BB048C2-MACD_3,46,0.1,32APSK,0.9,4.4,182.2104231,546.7,520.7
1B,48,2,5,1B4825,1BB048C2-MACD_5,45,0.1,32APSK,0.8,4,177.8,546.7,520.7
1B,48,1,1,1B4811,1BB048C1-MACD_1,52,0.2,16APSK,0.8,3.3,165.0092,614.5,590.9
1B,48,2,4,1B4824,1BB048C2-MACD_4,45,0.1,32APSK,0.8,3.7,160.238726,546.7,520.7
1A,49,1,3,1A4913,1AB049C1-MACD_3,48,0.1,32APSK,0.8,4,170.9213077,893.5,847.5
1A,49,1,2,1A4912,1AB049C1-MACD_2,48,0.1,32APSK,0.8,3.7,170.9213077,893.5,847.5
1A,49,1,4,1A4914,1AB049C1-MACD_4,48,0.1,32APSK,0.8,3.7,170.9213077,893.5,847.5
1A,49,1,5,1A4915,1AB049C1-MACD_5,48,0.1,32APSK,0.8,3.7,170.9213077,893.5,847.5
1A,49,1,1,1A4911,1AB049C1-MACD_1,46,0.1,32APSK,0.8,3.7,163.7995865,893.5,847.5
1B,49,1,3,1B4913,1BB049C1-MACD_3,52,0.2,32APSK,0.9,4.4,219.8927,657.1,835
1B,49,1,1,1B4911,1BB049C1-MACD_1,52,0.2,32APSK,0.8,4.1,205.977,657.1,835
1B,49,1,2,1B4912,1BB049C1-MACD_2,52,0.2,32APSK,0.8,4.1,197.57855,657.1,835
1A,50,1,5,1A5015,1AB050C1-MACD_5,48,0.1,32APSK,0.8,3.7,162.6066,1168.8,1104.7
1A,50,1,6,1A5016,1AB050C1-MACD_6,48,0.1,32APSK,0.8,3.7,170.9213077,1168.8,1104.7
1A,50,1,7,1A5017,1AB050C1-MACD_7,48,0.1,32APSK,0.8,3.7,170.9213077,1168.8,1104.7
1A,50,1,1,1A5011,1AB050C1-MACD_1,50,0.1,16APSK,0.9,3.5,158.6626923,1168.8,1104.7
1A,50,1,3,1A5013,1AB050C1-MACD_3,49,0.1,16APSK,0.8,3.3,155.4894385,1168.8,1104.7
1A,50,1,2,1A5012,1AB050C1-MACD_2,49,0.1,16APSK,0.8,3.2,149.1495452,1168.8,1104.7
1A,50,1,4,1A5014,1AB050C1-MACD_4,48,0.1,16APSK,0.8,3,136.9259077,1168.8,1104.7
1B,50,1,6,1B5016,1BB050C1-MACD_6,48,0.1,32APSK,0.8,4,170.9213077,1056.1,993.5
1B,50,1,1,1B5011,1BB050C1-MACD_1,50,0.1,32APSK,0.8,3.7,178.0430288,1056.1,993.5
1B,50,1,5,1B5015,1BB050C1-MACD_5,48,0.1,32APSK,0.8,3.7,170.9213077,1056.1,993.5
1B,50,1,3,1B5013,1BB050C1-MACD_3,49,0.1,16APSK,0.9,3.5,155.4894385,1056.1,993.5
1B,50,1,4,1B5014,1BB050C1-MACD_4,48,0.1,16APSK,0.9,3.5,162.6066,1056.1,993.5
1B,50,1,2,1B5012,1BB050C1-MACD_2,49,0.1,16APSK,0.8,3.3,155.4894385,1056.1,993.5
1A,51,1,8,1A5118,1AB051C1-MACD_8,52,0.1,32APSK,0.8,4,197.57855,1544.3,1454.3
1A,51,1,1,1A5111,1AB051C1-MACD_1,52,0.2,32APSK,0.8,3.7,185.16475,1544.3,1454.3
1A,51,1,3,1A5113,1AB051C1-MACD_3,52,0.1,32APSK,0.8,3.7,185.16475,1544.3,1454.3
1A,51,1,4,1A5114,1AB051C1-MACD_4,52,0.1,32APSK,0.8,3.7,185.16475,1544.3,1454.3
1A,51,1,5,1A5115,1AB051C1-MACD_5,52,0.1,32APSK,0.8,3.7,185.16475,1544.3,1454.3
1A,51,1,6,1A5116,1AB051C1-MACD_6,52,0.1,32APSK,0.8,3.7,185.16475,1544.3,1454.3
1A,51,1,7,1A5117,1AB051C1-MACD_7,52,0.1,32APSK,0.8,3.7,185.16475,1544.3,1454.3
1A,51,1,2,1A5112,1AB051C1-MACD_2,52,0.1,16APSK,0.9,3.5,176.15715,1544.3,1454.3
1B,51,1,6,1B5116,1BB051C1-MACD_6,52,0.1,32APSK,0.9,4.5,219.8927,903.2,1525.7
1B,51,1,2,1B5112,1BB051C1-MACD_2,52,0.1,32APSK,0.9,4.4,219.8927,903.2,1525.7
1B,51,1,7,1B5117,1BB051C1-MACD_7,52,0.1,32APSK,0.9,4.4,219.8927,903.2,1525.7
1B,51,1,1,1B5111,1BB051C1-MACD_1,52,0.2,32APSK,0.8,4.1,205.977,903.2,1525.7
1A,52,2,7,1A5227,1AB052C2-MACD_7,52,0.2,32APSK,0.9,4.4,205.977,228.7,206
1A,52,1,5,1A5215,1AB052C1-MACD_5,52,0.1,32APSK,0.8,4,185.16475,1490.1,1012.8
1A,52,1,6,1A5216,1AB052C1-MACD_6,52,0.1,32APSK,0.8,4,197.57855,1490.1,1012.8
1A,52,1,2,1A5212,1AB052C1-MACD_2,52,0.1,32APSK,0.8,3.7,185.16475,1490.1,1012.8
1A,52,1,3,1A5213,1AB052C1-MACD_3,52,0.1,32APSK,0.8,3.7,185.16475,1490.1,1012.8
1A,52,1,7,1A5217,1AB052C1-MACD_7,52,0.1,32APSK,0.8,3.7,185.16475,1490.1,1012.8
1A,52,1,8,1A5218,1AB052C1-MACD_8,52,0.1,32APSK,0.8,3.7,185.16475,1490.1,1012.8
1A,52,1,1,1A5211,1AB052C1-MACD_1,52,0.2,16APSK,0.8,3.3,165.0092,1490.1,1012.8
1A,52,1,4,1A5214,1AB052C1-MACD_4,52,0.1,16APSK,0.7,2.6,131.86005,1490.1,1012.8
1B,52,2,6,1B5226,1BB052C2-MACD_6,52,0.2,32APSK,0.8,4,197.57855,205.5,197.6
1B,52,1,6,1B5216,1BB052C1-MACD_6,52,0.1,32APSK,0.8,3.7,185.16475,1380.2,926.8
1B,52,1,7,1B5217,1BB052C1-MACD_7,52,0.1,32APSK,0.8,3.7,185.16475,1380.2,926.8
1B,52,1,8,1B5218,1BB052C1-MACD_8,52,0.1,32APSK,0.8,3.7,185.16475,1380.2,926.8
1B,52,1,1,1B5211,1BB052C1-MACD_1,52,0.2,16APSK,0.8,3.2,158.28115,1380.2,926.8
1B,52,1,3,1B5213,1BB052C1-MACD_3,52,0.1,16APSK,0.8,3.2,158.28115,1380.2,926.8
1B,52,1,4,1B5214,1BB052C1-MACD_4,52,0.1,16APSK,0.8,3.2,158.28115,1380.2,926.8
1B,52,1,2,1B5212,1BB052C1-MACD_2,52,0.1,16APSK,0.8,3,131.86005,1380.2,926.8
1B,52,1,5,1B5215,1BB052C1-MACD_5,52,0.1,16APSK,0.8,3,148.3364,1380.2,926.8
1A,53,1,4,1A5314,1AB053C1-MACD_4,52,0.2,32APSK,0.8,4,205.5,205.5,197.6
1B,53,1,4,1B5314,1BB053C1-MACD_4,52,0.2,32APSK,0.9,4.4,219.8927,228.7,219.9
1A,54,1,4,1A5414,1AB054C1-MACD_4,52,0.2,32APSK,0.8,4.1,205.977,972.4,914.5
1A,54,1,8,1A5418,1AB054C1-MACD_8,45,0.1,32APSK,0.9,4.4,190.2917596,972.4,914.5
1A,54,1,5,1A5415,1AB054C1-MACD_5,46,0.1,32APSK,0.8,4.1,182.2104231,972.4,914.5
1A,54,1,6,1A5416,1AB054C1-MACD_6,45,0.1,32APSK,0.8,4.1,185.4,972.4,914.5
1A,54,1,7,1A5417,1AB054C1-MACD_7,45,0.1,32APSK,0.8,4.1,185.4,972.4,914.5
1B,54,1,4,1B5414,1BB054C1-MACD_4,52,0.2,32APSK,0.8,4.1,205.977,901.4,820.7
1B,54,1,7,1B5417,1BB054C1-MACD_7,42,0.1,32APSK,0.9,4.4,159.582675,901.4,820.7
1B,54,1,5,1B5415,1BB054C1-MACD_5,42,0.1,32APSK,0.8,4.1,166.3660385,901.4,820.7
1B,54,1,6,1B5416,1BB054C1-MACD_6,42,0.1,32APSK,0.8,4.1,166.3660385,901.4,820.7
1B,54,1,8,1B5418,1BB054C1-MACD_8,38,0.1,32APSK,0.8,4.1,144.384325,901.4,820.7
1A,55,1,1,1A5511,1AB055C1-MACD_1,52,0.2,32APSK,0.9,4.5,219.9,659.7,1011.7
1A,55,1,2,1A5512,1AB055C1-MACD_2,52,0.2,32APSK,0.9,4.5,219.9,659.7,1011.7
1A,55,1,3,1A5513,1AB055C1-MACD_3,52,0.2,32APSK,0.9,4.4,219.9,659.7,1011.7
1B,55,1,2,1B5512,1BB055C1-MACD_2,52,0.2,32APSK,0.9,4.5,222.65135,689,782.4
1B,55,1,1,1B5511,1BB055C1-MACD_1,52,0.2,32APSK,0.9,4.4,219.8927,689,782.4
1B,55,1,3,1B5513,1BB055C1-MACD_3,52,0.2,32APSK,0.9,4.4,219.8927,689,782.4
1A,56,1,2,1A5612,1AB056C1-MACD_2,52,0.1,32APSK,0.8,4.1,197.57855,625.2,645.9
1A,56,1,1,1A5611,1AB056C1-MACD_1,52,0.1,32APSK,0.8,4,197.57855,625.2,645.9
1A,56,1,3,1A5613,1AB056C1-MACD_3,52,0.1,32APSK,0.8,4,197.57855,625.2,645.9
1B,56,1,2,1B5612,1BB056C1-MACD_2,52,0.1,32APSK,0.8,4,197.57855,595.7,572.7
1B,56,1,3,1B5613,1BB056C1-MACD_3,50,0.1,32APSK,0.8,4,178.0430288,595.7,572.7
1B,56,1,1,1B5611,1BB056C1-MACD_1,52,0.1,32APSK,0.8,3.7,185.16475,595.7,572.7
1A,57,1,3,1A5714,1AB057C1-MACD_4,52,0.2,32APSK,0.9,4.4,219.8927,228.7,410.3
1A,57,1,4,1A5714,1AB057C1-MACD_4,52,0.2,32APSK,0.9,4.4,219.8927,228.7,410.3
1B,57,1,4,1B5714,1BB057C1-MACD_4,50,0.1,32APSK,0.8,3.7,178.0430288,185.2,178
1A,58,1,3,1A5813,1AB058C1-MACD_3,45,0.1,32APSK,0.9,4.4,190.2917596,565.1,543.3
1A,58,1,2,1A5812,1AB058C1-MACD_2,45,0.1,32APSK,0.8,4.1,178.2493269,565.1,543.3
1A,58,1,1,1A5811,1AB058C1-MACD_1,46,0.1,32APSK,0.8,4,174.781025,565.1,543.3
1B,58,1,2,1B5812,1BB058C1-MACD_2,45,0.1,32APSK,0.8,4,170.9814375,526,495
1B,58,1,3,1B5813,1BB058C1-MACD_3,45,0.1,32APSK,0.8,4,170.9814375,526,495
1B,58,1,1,1B5811,1BB058C1-MACD_1,46,0.1,32APSK,0.8,3.7,163.7995865,526,495
1A,59,1,8,1A5918,1AB059C1-MACD_8,52,0.2,32APSK,0.9,4.5,222.65135,231.6,222.7
1B,59,1,8,1B5918,1BB059C1-MACD_8,52,0.2,32APSK,0.9,4.4,219.8927,228.7,219.9
1A,60,1,4,1A6014,1AB060C1-MACD_4,46,0.1,32APSK,0.9,4.4,194.5204654,603.1,575.1
1A,60,1,5,1A6015,1AB060C1-MACD_5,45,0.1,32APSK,0.9,4.5,190.2917596,603.1,575.1
1A,60,1,6,1A6016,1AB060C1-MACD_6,45,0.1,32APSK,0.9,4.5,190.2917596,603.1,575.1
1B,60,1,4,1B6014,1BB060C1-MACD_4,42,0.1,32APSK,0.9,4.4,177.6056423,365,333.4
1B,60,1,5,1B6015,1BB060C1-MACD_5,41,0.1,32APSK,0.9,4.4,155.7830875,365,333.4
1A,61,1,4,1A6114,1AB061C1-MACD_4,52,0.2,32APSK,0.9,4.4,219.8927,228.7,431.5
1B,61,1,4,1B6114,1BB061C1-MACD_4,52,0.2,32APSK,0.9,4.4,219.8927,228.7,317.3
1A,62,1,2,1A6212,1AB062C1-MACD_2,52,0.2,32APSK,0.9,4.4,219.8927,671.6,645.8
1A,62,1,3,1A6213,1AB062C1-MACD_3,52,0.2,32APSK,0.9,4.4,219.8927,671.6,645.8
1A,62,1,1,1A6211,1AB062C1-MACD_1,52,0.2,32APSK,0.8,4.1,214.2,671.6,645.8
1B,62,1,3,1B6213,1BB062C1-MACD_3,52,0.2,32APSK,0.9,4.4,219.8927,648.4,623.4
1B,62,1,2,1B6212,1BB062C1-MACD_2,52,0.2,32APSK,0.8,4.1,205.977,648.4,623.4
1B,62,1,1,1B6211,1BB062C1-MACD_1,52,0.2,32APSK,0.8,4,197.57855,648.4,623.4
1A,63,1,7,1A6317,1AB063C1-MACD_7,36,0.1,32APSK,0.8,4,136.78515,274.1,263.5
1A,63,1,8,1A6318,1AB063C1-MACD_8,32,0.1,32APSK,0.8,4.1,121.5868,274.1,263.5
1B,63,1,8,1B6318,1BB063C1-MACD_8,32,0.1,32APSK,0.8,4.1,121.5868,131.8,258.3
1A,64,1,1,1A6411,1AB064C1-MACD_1,52,0.2,32APSK,0.8,4.1,205.977,856.8,815.5
1A,64,1,2,1A6412,1AB064C1-MACD_2,52,0.2,32APSK,0.8,4.1,205.977,856.8,815.5
1A,64,1,3,1A6413,1AB064C1-MACD_3,52,0.2,32APSK,0.8,4.1,197.57855,856.8,815.5
1A,64,1,4,1A6414,1AB064C1-MACD_4,52,0.2,32APSK,0.8,4.1,205.977,856.8,815.5
1B,64,1,1,1B6411,1BB064C1-MACD_1,52,0.2,32APSK,0.8,4.1,197.57855,839.4,794.7
1B,64,1,2,1B6412,1BB064C1-MACD_2,52,0.2,32APSK,0.8,4.1,205.977,839.4,794.7
1B,64,1,3,1B6413,1BB064C1-MACD_3,52,0.2,32APSK,0.8,4,185.16475,839.4,794.7
1B,64,1,4,1B6414,1BB064C1-MACD_4,52,0.2,32APSK,0.8,4,185.16475,839.4,794.7
1A,65,1,2,1A6512,1AB065C1-MACD_2,52,0.2,32APSK,0.9,4.4,219.8927,442.9,425.9
1A,65,1,1,1A6511,1AB065C1-MACD_1,52,0.2,32APSK,0.8,4.1,205.977,442.9,425.9
1B,65,1,1,1B6511,1BB065C1-MACD_1,52,0.2,32APSK,0.8,3.7,176.15715,385.2,370.3
1B,65,1,2,1B6512,1BB065C1-MACD_2,52,0.2,32APSK,0.8,3.7,185.16475,385.2,370.3
1A,66,1,8,1A6618,1AB066C1-MACD_8,51,0.1,16APSK,0.9,3.5,161.8359462,1279.6,1216.9
1A,66,1,2,1A6612,1AB066C1-MACD_2,51,0.1,16APSK,0.8,3.3,155.2372817,1279.6,1216.9
1A,66,1,6,1A6616,1AB066C1-MACD_6,51,0.1,16APSK,0.8,3.3,155.2372817,1279.6,1216.9
1A,66,1,5,1A6615,1AB066C1-MACD_5,51,0.1,16APSK,0.8,3.2,145.4837769,1279.6,1216.9
1A,66,1,7,1A6617,1AB066C1-MACD_7,51,0.1,16APSK,0.8,3.2,155.2372817,1279.6,1216.9
1A,66,1,1,1A6611,1AB066C1-MACD_1,52,0.1,16APSK,0.8,3,148.3364,1279.6,1216.9
1A,66,1,3,1A6613,1AB066C1-MACD_3,51,0.1,16APSK,0.8,3,145.4837769,1279.6,1216.9
1A,66,1,4,1A6614,1AB066C1-MACD_4,51,0.1,8PSK 8,0.9,2.6,129.7563577,1279.6,1216.9
1B,66,1,1,1B6611,1BB066C1-MACD_1,52,0.2,32APSK,0.8,4,197.57855,1580.8,1409.2
1B,66,1,2,1B6612,1BB066C1-MACD_2,52,0.2,32APSK,0.8,4,182.3802,1580.8,1409.2
1B,66,1,3,1B6613,1BB066C1-MACD_3,52,0.2,32APSK,0.8,3.7,170.9213077,1580.8,1409.2
1B,66,1,4,1B6614,1BB066C1-MACD_4,52,0.2,32APSK,0.8,3.7,170.9213077,1580.8,1409.2
1B,66,1,5,1B6615,1BB066C1-MACD_1,52,0.2,32APSK,0.8,4,170.7692308,1580.8,1409.2
1B,66,1,6,1B6616,1BB066C1-MACD_2,52,0.2,32APSK,0.8,4,170.7692308,1580.8,1409.2
1B,66,1,7,1B6617,1BB066C1-MACD_3,52,0.2,32APSK,0.8,3.7,167.2115385,1580.8,1409.2
1B,66,1,8,1B6618,1BB066C1-MACD_4,52,0.2,32APSK,0.8,3.7,167.2115385,1580.8,1409.2
1A,67,2,4,1A6724,1AB067C2-MACD_4,52,0.2,32APSK,0.9,4.4,219.8927,862.6,851.7
1A,67,1,3,1A6713,1AB067C1-MACD_3,52,0.2,32APSK,0.8,4.1,197.57855,419.7,618
1A,67,2,1,1A6721,1AB067C2-MACD_1,52,0.2,32APSK,0.8,4.1,197.57855,862.6,851.7
1A,67,2,3,1A6723,1AB067C2-MACD_3,52,0.2,32APSK,0.8,4.1,214.2,862.6,851.7
1A,67,1,2,1A6712,1AB067C1-MACD_2,52,0.2,32APSK,0.8,4,197.57855,419.7,618
1A,67,2,2,1A6722,1AB067C2-MACD_2,52,0.2,32APSK,0.8,4,205.5,862.6,851.7
1B,67,1,2,1B6712,1BB067C1-MACD_2,52,0.2,32APSK,0.9,4.4,219.8927,442.9,439.8
1B,67,2,3,1B6723,1BB067C2-MACD_3,52,0.2,32APSK,0.9,4.4,219.8927,885.8,851.7
1B,67,2,4,1B6724,1BB067C2-MACD_4,52,0.2,32APSK,0.9,4.4,219.8927,885.8,851.7
1B,67,1,3,1B6713,1BB067C1-MACD_3,52,0.2,32APSK,0.8,4.1,205.977,442.9,439.8
1B,67,2,1,1B6721,1BB067C2-MACD_1,52,0.2,32APSK,0.8,4.1,197.57855,885.8,851.7
1B,67,2,2,1B6722,1BB067C2-MACD_2,52,0.2,32APSK,0.8,4.1,205.977,885.8,851.7
1A,68,1,1,1A6811,1AB068C1-MACD_1,52,0.2,32APSK,0.8,3.7,185.16475,577.8,555.5
1A,68,1,2,1A6812,1AB068C1-MACD_2,52,0.1,32APSK,0.8,3.7,185.16475,577.8,555.5
1A,68,1,3,1A6813,1AB068C1-MACD_3,52,0.1,32APSK,0.8,3.7,185.16475,577.8,555.5
1B,68,1,2,1B6812,1BB068C1-MACD_2,52,0.1,16APSK,0.9,3.5,165.0092,538,488.3
1B,68,1,3,1B6813,1BB068C1-MACD_3,52,0.1,16APSK,0.9,3.5,165.0092,538,488.3
1B,68,1,1,1B6811,1BB068C1-MACD_1,52,0.2,16APSK,0.8,3.3,158.28115,538,488.3
1A,69,1,4,1A6914,1AB069C1-MACD_4,52,0.1,32APSK,0.8,3.7,185.16475,1086.9,1046.3
1A,69,1,5,1A6915,1AB069C1-MACD_5,52,0.1,32APSK,0.8,3.7,176.15715,1086.9,1046.3
1A,69,1,6,1A6916,1AB069C1-MACD_6,52,0.1,32APSK,0.8,3.7,192.6,1086.9,1046.3
1A,69,1,3,1A6913,1AB069C1-MACD_3,52,0.1,16APSK,0.9,3.5,176.15715,1086.9,1046.3
1A,69,1,2,1A6912,1AB069C1-MACD_2,52,0.1,16APSK,0.8,3.3,158.28115,1086.9,1046.3
1A,69,1,1,1A6911,1AB069C1-MACD_1,52,0.2,16APSK,0.8,3,131.86005,1086.9,1046.3
1B,69,1,2,1B6912,1BB069C1-MACD_2,48,0.1,16APSK,0.9,3.5,162.6066,1004,494.9
1B,69,1,3,1B6913,1BB069C1-MACD_3,48,0.1,16APSK,0.9,3.5,162.6066,1004,494.9
1B,69,1,1,1B6911,1BB069C1-MACD_1,50,0.1,16APSK,0.8,3,142.6311538,1004,494.9
1A,70,1,5,1A7015,1AB070C1-MACD_5,52,0.1,32APSK,0.8,4.1,205.977,420.2,396
1A,70,1,6,1A7016,1AB070C1-MACD_6,50,0.1,32APSK,0.8,4.1,198.0548077,420.2,396
1B,70,1,3,1B7013,1BB070C1-MACD_3,52,0.1,32APSK,0.8,4.1,205.977,411.8,396
1B,70,1,4,1B7014,1BB070C1-MACD_4,50,0.1,32APSK,0.8,4,189.979375,411.8,396
1A,71,1,3,1A7113,1AB071C1-MACD_3,52,0.2,16APSK,0.8,3.2,164.6,164.6,215.8
1B,71,1,2,1B7112,1BB071C1-MACD_2,15,0.1,16APSK,0.8,3,42.78934615,44.5,42.8
1A,72,1,6,1A7216,1AB072C1-MACD_5,36,0.1,32APSK,0.8,4.1,128.1909808,250.7,258.4
1A,72,1,7,1A7217,1AB072C1-MACD_5,32,0.1,32APSK,0.8,4.1,113.9,250.7,258.4
1B,72,1,6,1B7215,1BB072C1-MACD_5,52,0.1,32APSK,0.8,3.7,192.6,192.6,197.6
1A,73,1,8,1A7318,1AB073C1-MACD_8,30,0.2,32APSK,0.8,4.1,118.8328846,123.6,118.8
1A,74,1,1,1A7411,1AB074C1-MACD_1,52,0.2,32APSK,0.9,4.5,219.8927,231.6,291.1
1B,74,1,1,1B7411,1BB074C1-MACD_1,52,0.1,32APSK,0.9,4.5,219.8927,231.6,222.7
1A,75,1,4,1A7513,1AB075C1-MACD_3,36,0.1,32APSK,0.9,4.5,154.1432423,302.8,241.9
1A,75,1,5,1A7512,1AB075C1-MACD_2,32,0.1,32APSK,0.9,4.5,137.0162154,302.8,241.9
1B,75,1,3,1B7513,1BB075C1-MACD_3,52,0.1,32APSK,0.9,4.4,205.977,228.7,206
1A,76,1,1,1A7611,1AB076C1-MACD_1,52,0.2,32APSK,0.8,4,185.16475,205.5,185.2
1B,76,1,1,1B7611,1BB076C1-MACD_1,50,0.1,16APSK,0.8,3,142.6311538,148.3,142.6
1A,77,1,2,1A7712,1AB077C1-MACD_2,52,0.2,32APSK,0.8,3.7,185.16475,192.6,345.1
1B,77,1,2,1B7712,1BB077C1-MACD_2,50,0.1,32APSK,0.8,3.7,178.0430288,185.2,178
1A,78,1,1,1A7811,1AB078C1-MACD_1,52,0.2,32APSK,0.8,4,197.57855,205.5,197.6
1B,78,1,1,1B7811,1BB078C1-MACD_1,50,0.1,16APSK,0.8,3.3,165,165,158.7
1A,79,1,3,1A7913,1AB079C1-MACD_3,52,0.2,16APSK,0.9,3.5,183.2,349.8,345.4
1A,79,1,4,1A7914,1AB079C1-MACD_4,45,0.1,32APSK,0.8,3.7,160.238726,349.8,345.4
1B,79,1,3,1B7913,1BB079C1-MACD_3,50,0.1,16APSK,0.8,3.3,152.1934135,165,158.7
1A,80,1,4,1A8014,1AB080C1-MACD_4,52,0.2,32APSK,0.8,4.1,197.57855,214.2,197.6
1B,80,1,3,1B8013,1BB080C1-MACD_3,50,0.1,32APSK,0.8,3.7,178.0430288,185.2,178
1A,81,1,4,1A8114,1AB081C1-MACD_4,52,0.2,32APSK,0.8,3.7,185.16475,192.6,345.1
1B,81,1,4,1B8114,1BB081C1-MACD_4,50,0.1,16APSK,0.8,3.3,158.6626923,165,158.7
1A,82,1,1,1A8211,1AB082C1-MACD_1,52,0.1,32APSK,0.8,3.7,192.6,377.8,375.6
1A,82,1,2,1A8212,1AB082C1-MACD_2,50,0.1,32APSK,0.8,3.7,178.0430288,377.8,375.6
1B,82,1,1,1B8211,1BB082C1-MACD_1,50,0.1,32APSK,0.8,4,178.0430288,197.6,178
1A,83,1,2,1A8312,1AB083C1-MACD_2,52,0.1,32APSK,0.8,3.7,185.16475,377.8,363.2
1A,83,1,3,1A8313,1AB083C1-MACD_3,50,0.1,32APSK,0.8,3.7,178.0430288,377.8,363.2
1B,83,1,2,1B8312,1BB083C1-MACD_2,50,0.1,32APSK,0.8,3.7,178.0430288,185.2,178
1A,84,1,2,1A8412,1AB084C1-MACD_2,52,0.2,32APSK,0.8,3.7,185.16475,359.2,337.6
1A,84,1,3,1A8413,1AB084C1-MACD_3,45,0.1,32APSK,0.8,3.7,152.4436875,359.2,337.6
1B,84,1,2,1B8412,1BB084C1-MACD_2,50,0.1,16APSK,0.8,3,142.6311538,148.3,152.2
1A,85,1,2,1A8512,1AB085C1-MACD_2,52,0.2,32APSK,0.8,4.1,205.977,214.2,206
1B,85,1,2,1B8512,1BB085C1-MACD_2,50,0.1,32APSK,0.8,3.7,178.0430288,185.2,178
1A,86,1,3,1A8613,1AB086C1-MACD_3,52,0.1,32APSK,0.8,4,197.57855,390.7,375.6
1A,86,1,4,1A8614,1AB086C1-MACD_4,50,0.1,32APSK,0.8,3.7,178.0430288,390.7,375.6
1B,86,1,3,1B8613,1BB086C1-MACD_3,38,0.1,32APSK,0.8,3.7,135.3127019,140.7,178
1A,87,1,3,1A8713,1AB087C1-MACD_3,52,0.2,32APSK,0.8,4.1,205.977,214.2,206
1B,87,1,2,1B8712,1BB087C1-MACD_2,50,0.1,32APSK,0.8,4,189.979375,197.6,190
1A,88,1,1,1A8811,1AB088C1-MACD_1,52,0.2,32APSK,0.8,4.1,197.57855,214.2,345.3
1B,88,1,1,1B8811,1BB088C1-MACD_1,50,0.1,16APSK,0.9,3.5,169.381875,176.2,169.4
1A,89,1,7,1A8917,1AB089C1-MACD_7,52,0.1,32APSK,0.8,3.7,185.16475,377.8,363.2
1A,89,1,8,1A8918,1AB089C1-MACD_8,50,0.1,32APSK,0.8,3.7,178.0430288,377.8,363.2
1B,89,1,7,1B8917,1BB089C1-MACD_7,50,0.1,32APSK,0.8,4,189.979375,197.6,190
1A,90,1,4,1A9014,1AB090C1-MACD_4,52,0.2,32APSK,0.8,4,185.16475,205.5,368.4
1B,90,1,4,1B9014,1BB090C1-MACD_4,50,0.1,32APSK,0.8,3.7,169.381875,185.2,169.4
1A,91,1,3,1A9113,1AB091C1-MACD_3,50,0.1,32APSK,0.8,4.1,198.0548077,411.5,395.6
1A,91,1,2,1A9112,1AB091C1-MACD_2,52,0.1,32APSK,0.8,4,197.57855,411.5,395.6
1B,91,1,2,1B9112,1BB091C1-MACD_2,50,0.1,16APSK,0.8,3.2,152.1934135,158.3,152.2
1A,92,1,3,1A9213,1AB092C1-MACD_3,52,0.2,32APSK,0.8,3.7,185.16475,192.6,185
1B,92,1,3,1B9213,1BB092C1-MACD_3,50,0.1,16APSK,0.8,3.3,165,165,178
1A,93,1,1,1A9311,1AB093C1-MACD_1,52,0.2,32APSK,0.8,3.7,185.16475,192.6,185.2
1B,93,1,1,1B9311,1BB093C1-MACD_1,50,0.1,16APSK,0.9,3.5,152.1934135,176.2,158.7
1A,94,1,1,1A9411,1AB094C1-MACD_1,52,0.2,32APSK,0.8,3.7,185.16475,192.6,345.3
1B,94,1,1,1B9411,1BB094C1-MACD_1,50,0.1,16APSK,0.8,3.2,152.1934135,158.3,142.6
1A,95,1,4,1A9514,1AB095C1-MACD_4,52,0.2,32APSK,0.8,3.7,192.6,192.6,337.5
1B,95,1,3,1B9513,1BB095C1-MACD_3,50,0.1,16APSK,0.9,3.5,176.2,176.2,169.4
1A,96,1,2,1A9612,1AB096C1-MACD_2,52,0.2,32APSK,0.8,4,197.57855,205.5,185.2
1B,96,1,2,1B9612,1BB096C1-MACD_2,50,0.1,32APSK,0.8,3.7,178.0430288,185.2,178
1A,97,1,4,1A9714,1AB097C1-MACD_4,52,0.2,32APSK,0.8,4,205.5,205.5,206
1B,97,1,3,1B9713,1BB097C1-MACD_3,50,0.1,32APSK,0.8,3.7,178.0430288,185.2,178
1A,98,1,4,1A9814,1AB098C1-MACD_4,52,0.2,32APSK,0.8,4.1,205.977,214.2,206
1B,98,1,3,1B9813,1BB098C1-MACD_3,50,0.1,32APSK,0.8,3.7,178.0430288,185.2,178
1A,99,1,1,1A9911,1AB099C1-MACD_1,52,0.2,32APSK,0.8,4,197.57855,205.5,197.6
1B,99,1,1,1B9911,1BB099C1-MACD_1,50,0.1,16APSK,0.9,3.5,176.2,176.2,158.7
1A,100,1,7,1A10017,1AB100C1-MACD_7,50,0.2,32APSK,0.8,3.7,178,354.2,343.1
1A,100,1,1,1A10011,1AB100C1-MACD_1,52,0.2,32APSK,0.8,3.7,176.15715,354.2,343.1
1B,100,1,1,1B10011,1BB100C1-MACD_1,50,0.1,32APSK,0.8,3.7,178.0430288,185.2,169.4
1A,101,1,1,1A10111,1AB101C1-MACD_1,52,0.1,32APSK,0.8,3.7,165,165,176.2
1B,101,1,1,1B10111,1BB101C1-MACD_1,50,0.1,32APSK,0.8,3.7,178.0430288,185.2,169.4
